<?xml version="1.0"?>
<Object name="ExpressionList">
    <Object name="Expression">
        <Field name="name" type="string">coords</Field>
        <Field name="definition" type="string">coord(mesh)</Field>
        <Field name="hidden" type="bool">false</Field>
        <Field name="type" type="string">VectorMeshVar</Field>
        <Field name="fromDB" type="bool">false</Field>
        <Field name="fromOperator" type="bool">false</Field>
        <Field name="operatorName" type="string">__none__</Field>
        <Field name="meshName" type="string"></Field>
        <Field name="dbName" type="string">__none__</Field>
        <Field name="autoExpression" type="bool">false</Field>
    </Object>
    <Object name="Expression">
        <Field name="name" type="string">Qx</Field>
        <Field name="definition" type="string">coords[0]</Field>
        <Field name="hidden" type="bool">false</Field>
        <Field name="type" type="string">ScalarMeshVar</Field>
        <Field name="fromDB" type="bool">false</Field>
        <Field name="fromOperator" type="bool">false</Field>
        <Field name="operatorName" type="string">__none__</Field>
        <Field name="meshName" type="string"></Field>
        <Field name="dbName" type="string">__none__</Field>
        <Field name="autoExpression" type="bool">false</Field>
    </Object>
    <Object name="Expression">
        <Field name="name" type="string">Qy</Field>
        <Field name="definition" type="string">coords[1]</Field>
        <Field name="hidden" type="bool">false</Field>
        <Field name="type" type="string">ScalarMeshVar</Field>
        <Field name="fromDB" type="bool">false</Field>
        <Field name="fromOperator" type="bool">false</Field>
        <Field name="operatorName" type="string">__none__</Field>
        <Field name="meshName" type="string"></Field>
        <Field name="dbName" type="string">__none__</Field>
        <Field name="autoExpression" type="bool">false</Field>
    </Object>
    <Object name="Expression">
        <Field name="name" type="string">Qz</Field>
        <Field name="definition" type="string">coords[2]</Field>
        <Field name="hidden" type="bool">false</Field>
        <Field name="type" type="string">ScalarMeshVar</Field>
        <Field name="fromDB" type="bool">false</Field>
        <Field name="fromOperator" type="bool">false</Field>
        <Field name="operatorName" type="string">__none__</Field>
        <Field name="meshName" type="string"></Field>
        <Field name="dbName" type="string">__none__</Field>
        <Field name="autoExpression" type="bool">false</Field>
    </Object>
</Object>
