<?xml version="1.0" encoding="UTF-8"?>
<!--This biomodel was generated in VCML Version Alpha_Version_6.2_build_33--><vcml xmlns="http://sourceforge.net/projects/vcell/vcml" Version="Alpha_Version_6.2_build_33"><BioModel Name="Boras-Diffusional Study No geometry1x larger"><Model Name="unnamed"><Compound Name="s0" /><Compound Name="s1" /><Compound Name="s2" /><Feature Name="c0" KeyValue="95693597" /><LocalizedCompound Name="cAMP_best" CompoundRef="s0" Structure="c0" OverrideName="true" KeyValue="95693599" /><LocalizedCompound Name="PDE_cAMP" CompoundRef="s1" Structure="c0" OverrideName="true" KeyValue="95693600" /><LocalizedCompound Name="PDE_Cyto" CompoundRef="s2" Structure="c0" OverrideName="true" KeyValue="95693601" /><SimpleReaction Structure="c0" Name="r0" Reversible="true" FluxOption="MolecularOnly" KeyValue="95693602"><Reactant LocalizedCompoundRef="cAMP_best" Stoichiometry="1" KeyValue="95693603" /><Reactant LocalizedCompoundRef="PDE_Cyto" Stoichiometry="1" KeyValue="95693604" /><Product LocalizedCompoundRef="PDE_cAMP" Stoichiometry="1" KeyValue="95693605" /><Kinetics KineticsType="MassAction"><Parameter Name="J" Role="reaction rate" Unit="uM.s-1">(((Kf * cAMP_best) * PDE_Cyto) - (Kr * PDE_cAMP))</Parameter><Parameter Name="Kf" Role="forward rate constant" Unit="s-1.uM-1">12.0</Parameter><Parameter Name="Kr" Role="reverse rate constant" Unit="s-1">58.82</Parameter></Kinetics></SimpleReaction><SimpleReaction Structure="c0" Name="r1" Reversible="true" FluxOption="MolecularOnly" KeyValue="95693606"><Reactant LocalizedCompoundRef="PDE_cAMP" Stoichiometry="1" KeyValue="95693607" /><Product LocalizedCompoundRef="PDE_Cyto" Stoichiometry="1" KeyValue="95693608" /><Kinetics KineticsType="MassAction"><Parameter Name="J" Role="reaction rate" Unit="uM.s-1">((Kf * PDE_cAMP) - (Kr * PDE_Cyto))</Parameter><Parameter Name="Kf" Role="forward rate constant" Unit="s-1">14.7</Parameter><Parameter Name="Kr" Role="reverse rate constant" Unit="s-1">0.0</Parameter></Kinetics></SimpleReaction><Diagram Name="c0" Structure="c0"><LocalizedCompoundShape LocalizedCompoundRef="PDE_Cyto" LocationX="234" LocationY="68" /><LocalizedCompoundShape LocalizedCompoundRef="s3" LocationX="148" LocationY="184" /><LocalizedCompoundShape LocalizedCompoundRef="cAMP_best" LocationX="131" LocationY="115" /><LocalizedCompoundShape LocalizedCompoundRef="PDE_cAMP" LocationX="344" LocationY="218" /><SimpleReactionShape SimpleReactionRef="r0" LocationX="245" LocationY="175" /><SimpleReactionShape SimpleReactionRef="r1" LocationX="295" LocationY="151" /></Diagram><Version Name="unnamed" KeyValue="95693592" BranchId="95682331" Archived="0" Date="04-Aug-2015 13:44:33" FromVersionable="false"><Owner Name="bboras" Identifier="41584132" /><GroupAccess Type="1" /></Version><ModelUnitSystem VolumeSubstanceUnit="uM.um3" MembraneSubstanceUnit="molecules" LumpedReactionSubstanceUnit="molecules" VolumeUnit="um3" AreaUnit="um2" LengthUnit="um" TimeUnit="s" /></Model><SimulationSpec Name="Application0" Stochastic="false" UseConcentration="true" RuleBased="false" InsufficientIterations="false" InsufficientMaxMolecules="false" CharacteristicSize="0.0031209482297018887"><NetworkConstraints RbmMaxIteration="3" RbmMaxMoleculesPerSpecies="10" /><Geometry Name="Geometry5" Dimension="3"><Extent X="0.3" Y="0.3" Z="0.3" /><Origin X="0.0" Y="0.0" Z="0.0" /><SubVolume Name="subdomain0" Handle="0" Type="Analytical" KeyValue="95682324"><AnalyticExpression>1.0</AnalyticExpression></SubVolume><SurfaceDescription NumSamplesX="101" NumSamplesY="101" NumSamplesZ="101" CutoffFrequency="0.3"><VolumeRegion Name="subdomain00" RegionID="0" SubVolume="subdomain0" Size="0.027000000000000003" Unit="um3" /></SurfaceDescription><Version Name="Geometry5" KeyValue="95682320" BranchId="95682321" Archived="0" Date="03-Aug-2015 13:30:49" FromVersionable="false"><Owner Name="bboras" Identifier="41584132" /><GroupAccess Type="1" /></Version></Geometry><GeometryContext><FeatureMapping Feature="c0" GeometryClass="subdomain0" SubVolume="subdomain0" Size="50000.0" VolumePerUnitVolume="1.0"><BoundariesTypes Xm="Value" Xp="Value" Ym="Value" Yp="Value" Zm="Value" Zp="Value" /></FeatureMapping></GeometryContext><ReactionContext><LocalizedCompoundSpec LocalizedCompoundRef="cAMP_best" ForceConstant="false" WellMixed="false" ForceContinuous="false"><InitialConcentration>1.0</InitialConcentration><Diffusion>200.0</Diffusion><Boundaries Xm="1.0" Xp="1.0" Ym="1.0" Yp="1.0" Zm="1.0" Zp="1.0" /></LocalizedCompoundSpec><LocalizedCompoundSpec LocalizedCompoundRef="PDE_cAMP" ForceConstant="false" WellMixed="false" ForceContinuous="false"><InitialConcentration>(4.0 * ((((x - 0.15) ^ 2.0) + ((y - 0.15) ^ 2.0) + ((z - 0.15) ^ 2.0)) &lt; (0.025 ^ 2.0)))</InitialConcentration><Diffusion>0.0</Diffusion></LocalizedCompoundSpec><LocalizedCompoundSpec LocalizedCompoundRef="PDE_Cyto" ForceConstant="false" WellMixed="false" ForceContinuous="false"><InitialConcentration>(20.0 * ((((x - 0.15) ^ 2.0) + ((y - 0.15) ^ 2.0) + ((z - 0.15) ^ 2.0)) &lt; (0.025 ^ 2.0)))</InitialConcentration><Diffusion>0.0</Diffusion></LocalizedCompoundSpec><ReactionSpec ReactionStepRef="r0" ReactionMapping="included" /><ReactionSpec ReactionStepRef="r1" ReactionMapping="included" /></ReactionContext><MathDescription Name="Application0_generated"><Constant Name="_F_">96480.0</Constant><Constant Name="_F_nmol_">9.648E-5</Constant><Constant Name="_K_GHK_">1.0E-9</Constant><Constant Name="_N_pmol_">6.02E11</Constant><Constant Name="_PI_">3.141592653589793</Constant><Constant Name="_R_">8314.0</Constant><Constant Name="_T_">300.0</Constant><Constant Name="cAMP_best_boundaryXm">1.0</Constant><Constant Name="cAMP_best_boundaryXp">1.0</Constant><Constant Name="cAMP_best_boundaryYm">1.0</Constant><Constant Name="cAMP_best_boundaryYp">1.0</Constant><Constant Name="cAMP_best_boundaryZm">1.0</Constant><Constant Name="cAMP_best_boundaryZp">1.0</Constant><Constant Name="cAMP_best_diffusionRate">200.0</Constant><Constant Name="cAMP_best_init_uM">1.0</Constant><Constant Name="K_millivolts_per_volt">1000.0</Constant><Constant Name="Kf_r0">12.0</Constant><Constant Name="Kf_r1">14.7</Constant><Constant Name="KMOLE">(1.0 / 602.0)</Constant><Constant Name="Kr_r0">58.82</Constant><Constant Name="Kr_r1">0.0</Constant><Constant Name="VolumePerUnitVolume_c0">1.0</Constant><VolumeVariable Name="cAMP_best" Domain="subdomain0" /><VolumeVariable Name="PDE_Cyto" Domain="subdomain0" /><Function Name="J_r0" Domain="subdomain0">(((Kf_r0 * cAMP_best) * PDE_Cyto) - (Kr_r0 * PDE_cAMP))</Function><Function Name="J_r1" Domain="subdomain0">((Kf_r1 * PDE_cAMP) - (Kr_r1 * PDE_Cyto))</Function><Function Name="K_PDE_cAMP_total" Domain="subdomain0">((VolumePerUnitVolume_c0 * PDE_cAMP_init_uM) + (VolumePerUnitVolume_c0 * PDE_Cyto_init_uM))</Function><Function Name="PDE_cAMP" Domain="subdomain0">((K_PDE_cAMP_total - (VolumePerUnitVolume_c0 * PDE_Cyto)) / VolumePerUnitVolume_c0)</Function><Function Name="PDE_cAMP_init_uM" Domain="subdomain0">(4.0 * ((((x - 0.15) ^ 2.0) + ((y - 0.15) ^ 2.0) + ((z - 0.15) ^ 2.0)) &lt; (0.025 ^ 2.0)))</Function><Function Name="PDE_Cyto_init_uM" Domain="subdomain0">(20.0 * ((((x - 0.15) ^ 2.0) + ((y - 0.15) ^ 2.0) + ((z - 0.15) ^ 2.0)) &lt; (0.025 ^ 2.0)))</Function><Function Name="Size_c0" Domain="subdomain0">(VolumePerUnitVolume_c0 * vcRegionVolume('subdomain0'))</Function><CompartmentSubDomain Name="subdomain0"><BoundaryType Boundary="Xm" Type="Value" /><BoundaryType Boundary="Xp" Type="Value" /><BoundaryType Boundary="Ym" Type="Value" /><BoundaryType Boundary="Yp" Type="Value" /><BoundaryType Boundary="Zm" Type="Value" /><BoundaryType Boundary="Zp" Type="Value" /><OdeEquation Name="PDE_Cyto" SolutionType="Unknown"><Rate>( - J_r0 + J_r1)</Rate><Initial>PDE_Cyto_init_uM</Initial></OdeEquation><PdeEquation Name="cAMP_best" SolutionType="Unknown"><Boundaries Xm="cAMP_best_boundaryXm" Xp="cAMP_best_boundaryXp" Ym="cAMP_best_boundaryYm" Yp="cAMP_best_boundaryYp" Zm="cAMP_best_boundaryZm" Zp="cAMP_best_boundaryZp" /><Rate> - J_r0</Rate><Diffusion>cAMP_best_diffusionRate</Diffusion><Initial>cAMP_best_init_uM</Initial></PdeEquation></CompartmentSubDomain><Version Name="Application0_generated" KeyValue="95693590" BranchId="95682328" Archived="0" Date="04-Aug-2015 13:44:33" FromVersionable="false"><Owner Name="bboras" Identifier="41584132" /><GroupAccess Type="1" /></Version></MathDescription><OutputFunctions><AnnotatedFunction Name="func1" ErrorString="" FunctionType="Volume">(1.0 * ((((x - 0.15) ^ 2.0) + ((y - 0.15) ^ 2.0) + ((z - 0.15) ^ 2.0)) &lt; (0.025 ^ 2.0)))</AnnotatedFunction></OutputFunctions><Simulation Name="Simulation0"><SolverTaskDescription TaskType="Unsteady" UseSymbolicJacobian="false" Solver="Sundials Stiff PDE Solver (Variable Time Step)"><TimeBound StartTime="0.0" EndTime="10.0" /><TimeStep DefaultTime="0.1" MinTime="0.0" MaxTime="0.1" /><ErrorTolerance Absolut="1.0E-9" Relative="1.0E-7" /><OutputOptions KeepEvery="50" KeepAtMost="20" /><SundialsSolverOptions><maxOrderAdvection>2</maxOrderAdvection></SundialsSolverOptions><NumberProcessors>1</NumberProcessors></SolverTaskDescription><MathOverrides /><MeshSpecification><Size X="100" Y="100" Z="100" /></MeshSpecification><Version Name="Simulation0" KeyValue="95693620" BranchId="95682506" Archived="0" Date="04-Aug-2015 13:44:33" FromVersionable="false"><Owner Name="bboras" Identifier="41584132" /><GroupAccess Type="1" /></Version></Simulation><Simulation Name="Copy of Simulation0"><SolverTaskDescription TaskType="Unsteady" UseSymbolicJacobian="false" Solver="Sundials Stiff PDE Solver (Variable Time Step)"><TimeBound StartTime="0.0" EndTime="10.0" /><TimeStep DefaultTime="0.1" MinTime="0.0" MaxTime="0.1" /><ErrorTolerance Absolut="1.0E-9" Relative="1.0E-7" /><OutputOptions KeepEvery="50" KeepAtMost="20" /><SundialsSolverOptions><maxOrderAdvection>2</maxOrderAdvection></SundialsSolverOptions><NumberProcessors>1</NumberProcessors></SolverTaskDescription><MathOverrides /><MeshSpecification><Size X="70" Y="70" Z="70" /></MeshSpecification><Version Name="Copy of Simulation0" KeyValue="95693622" BranchId="95688905" Archived="0" Date="04-Aug-2015 13:44:33" FromVersionable="false"><Owner Name="bboras" Identifier="41584132" /><GroupAccess Type="1" /></Version></Simulation><SpatialObjects><SpatialObject Name="vobj_subdomain00" Type="Volume" subVolume="subdomain0" regionId="0"><QuantityCategoryList><QuantityCategory Name="VolumeCentroid" Enabled="false" /><QuantityCategory Name="InteriorVelocity" Enabled="false" /><QuantityCategory Name="VolumeRegionSize" Enabled="true" /></QuantityCategoryList></SpatialObject></SpatialObjects><Version Name="Application0" KeyValue="95693610" BranchId="95682350" Archived="0" Date="04-Aug-2015 13:44:33" FromVersionable="false"><Owner Name="bboras" Identifier="41584132" /><GroupAccess Type="1" /></Version><MicroscopeMeasurement Name="fluor"><ConvolutionKernel Type="ProjectionZKernel" /></MicroscopeMeasurement></SimulationSpec><Version Name="Boras-Diffusional Study No geometry1x larger" KeyValue="95693624" BranchId="95693538" Archived="0" Date="04-Aug-2015 13:44:33" FromVersionable="false"><Owner Name="bboras" Identifier="41584132" /><GroupAccess Type="1" /></Version><pathwayModel><rdf:RDF xmlns:rdf="http://www.w3.org/1999/02/22-rdf-syntax-ns#" xmlns:bp="http://www.biopax.org/release/biopax-level3.owl#" version="3.0" /></pathwayModel><relationshipModel><RMNS version="3.0" /></relationshipModel><vcmetadata><rdf:RDF xmlns:rdf="http://www.w3.org/1999/02/22-rdf-syntax-ns#" /><nonrdfAnnotationList /><uriBindingList /></vcmetadata></BioModel></vcml>
